user_ID,user_name,password,user_phone_number,ticket_ID
43280085,Simon,K5i6GTZpv51RFX8c,1988744289,50036
59775064,Howard,MN6z09ICFbx6qx0e,1889192332,69131
77116445,Kurt,XIEnxjA6Sij,1800714564,96374
50396071,Stanley,n4syr6iwJB7XGnye,1714084497,52380
17612229,Enoch,K627hmrnCzHGRwa,1887963537,97415
55267055,Michael,6EcL0x70,1862824434,16850
48168316,Sloane,7ZB3u6S8EajBw2ZjEQPXqxYZx,1833640945,91081
94913812,Marcus,prVsEaGZxX,1713194080,43179
71869359,Forest,VBpWiBGC1Lsl,1819824426,14010
44233570,Edgar,nl3g3GfXdzpjNvJ,1752743427,49671
44864915,Ruth,7N9LqI7NqHRRS,1896090378,22009
82980018,Quenna,eRrQjDTcfDOLk1m,1713376145,27317
79868528,Rosa,FiocjEAvw,1972717435,15304
25585288,Grain,TLSJcvy34kimgo9Ig,1850790415,59163
25167281,Jemima,QB8OocJZ318L6aL,1919932049,16542
77180757,Effie,d6Rp2WHCBmMypcQqUV7N63c,1981498564,27294
95769868,Imogene,M3mErtMp9404UqHG,1985486618,62520
63334571,Eloise,3qeUCogyZPr7ps,1762780586,45644
23065620,White,gPuWYEBDlqt1G,1879289929,26175
21885820,Deborah,kMqX4VMjak,1926336060,70514
43290930,Lars,DrHI0QpyppC2U3BH,1899131153,45126
20773535,Travers,qjFd5khj4G48GY9tsh,1821520575,52319
68592894,Ward,gf6b7LH90LxXj,1831789106,54971
57046306,Silas,kaaGljiN1qIKmACEbvk,1904813003,98270
37755463,Shamus,YHOnqatMN2HmI,1926562166,65223
76475445,Konrad,9rLpR14C7RkQZ,1914027571,32737
46932562,Royce,IcR0DoqclHAspvc,1915509044,32898
38618106,Eli,WQVmJbegG1LLQV6Y4,1755066834,79653
17204422,Jason,OGxRA60K6d,1915221952,36566
67659416,Hardy,bM6SAeD7,1882591439,81804
